-- Add mrn

INSERT INTO public.mrn (mrn_id, mrn, nhs_number, source_system, stored_from, research_opt_out) VALUES
    (1001, '40800000', '9999999999', 'EPIC', '2010-09-01 11:04:04', true),
    -- 1002 merged with 1003, 1003 surviving
    (1002, '60600000', '1111111111', 'caboodle', '2010-09-03 10:05:04', false),
    (1003, '30700000', null, 'EPIC', '2010-09-10 16:01:05', false),
-- change patient identifiers testing
    -- previous MRN matches
    (1004, null, '222222222', 'another', '2010-09-10 17:02:08', false),
    (1005, '50100010', '222222222', 'EPIC', '2010-09-10 18:02:08', false),
    (1006, '50100012', null, 'another', '2010-09-10 18:02:08', false),
    -- surviving MRN matches
    (1007, '51111111', null, 'EPIC', '2010-09-10 19:02:08', false),
    (1008, null, '111222223', 'another', '2010-09-10 19:02:08', false),
    -- unrelated MRNs
    (1009, null, '997372627', 'another', '2010-09-10 19:02:08', false),
    (1010, '707070700',  null, 'EPIC', '2010-09-10 19:02:08', false);

-- Add mrn_to_live

INSERT INTO public.mrn_to_live (mrn_to_live_id, stored_from, valid_from, live_mrn_id, mrn_id) VALUES
    (2001, '2010-09-01 11:04:04', '2010-09-01 11:04:04', 1001, 1001),
    (2002, '2010-09-03 10:05:04', '2010-09-03 11:04:04', 1003, 1002),
    (2003, '2010-09-10 16:01:05', '2010-09-03 13:06:05', 1003, 1003),
    (2004, '2010-09-10 17:02:08', '2010-09-05 14:05:04', 1005, 1004),
    (2005, '2010-09-10 17:02:08', '2010-09-05 14:05:04', 1005, 1005),
    (2006, '2010-09-10 17:02:08', '2010-09-05 14:05:04', 1005, 1006),
    (2007, '2010-09-10 17:02:08', '2010-09-05 14:05:04', 1007, 1007),
    (2008, '2010-09-10 17:02:08', '2010-09-05 14:05:04', 1008, 1008),
    (2009, '2010-09-10 17:02:08', '2010-09-05 14:05:04', 1009, 1009),
    (2010, '2010-09-10 17:02:08', '2010-09-05 14:05:04', 1010, 1010);


-- Add to core_demographic
INSERT INTO public.core_demographic (
    core_demographic_id, stored_from, valid_from, alive, date_of_birth, date_of_death,
    datetime_of_birth, datetime_of_death, firstname, home_postcode, lastname, middlename, mrn_id, sex
    ) VALUES
        (3001, '2012-09-17 13:25:00', '2010-09-14 15:27:00', true, '1970-05-05', null,
         '1970-05-05 04:10:00', null, 'Sesame', 'W12 0HG', 'Snaps', null, 1003, 'F'),
        (3002, '2010-09-01 11:04:04', '2011-02-11 10:00:52', true, '1980-01-01', null,
         '1980-01-01 00:00:00', null, 'lemon', null, 'zest', 'middle', 1001, 'F'),
        (3003, '2010-06-17 13:25:00', '2010-02-16 10:00:52', false, '1972-06-14', '2010-05-05',
         '1972-06-14 13:00:00', '2010-05-05 00:00:00', 'Terry', 'T5 1TT', 'AGBTESTD', null, 1002, 'M');

INSERT INTO public.hospital_visit (
    hospital_visit_id, stored_from, valid_from, admission_datetime, arrival_method, discharge_destination, discharge_disposition,
    discharge_datetime, encounter, patient_class, presentation_datetime, source_system, mrn_id
    ) VALUES
        (4001, '2012-09-17 13:25:00', '2010-09-14 15:27:00', null, 'Public trans', null, null,
         null, '123412341234', 'INPATIENT', '2012-09-17 13:25:00', 'EPIC', 1001),
        (4002, '2010-09-03 10:05:04', '2010-09-03 11:04:04', '2010-09-03 11:04:04', 'Ambulance', null, null,
         null, '1234567890', 'EMERGENCY', '2012-09-17 13:15:00', 'EPIC', 1002),
        (4003, '2010-06-17 13:25:00', '2010-02-16 10:00:52', null, null, null, null,
         null, '0999999999', null, null, 'WinPath', 1004);

-- locations

INSERT INTO public.department (department_id, hl7string, name, speciality) VALUES
(11001, 'ACUN', 'EGA E03 ACU NURSERY', 'Maternity - Well Baby'),
(11002, 'MEDSURG', 'EMH MED SURG', null);


INSERT INTO public.department_state
(department_state_id, status, stored_from, stored_until, valid_from, valid_until, department_id) VALUES
(12001, 'Active', '2012-09-17 14:00:00', null, '2018-02-08 00:00:00', null, 11001),
(12202, 'Deleted and Hidden', '2012-09-17 14:00:00', null, '2021-04-23 09:00:00', null, 11002);

INSERT INTO public.room(room_id, hl7string, name, department_id) VALUES
(13001, 'E03ACUN BY12', 'BY12', 11001),
(13002, 'MED/SURG', 'Med/Surg', 11002);

INSERT INTO public.room_state
    (room_state_id, csn, is_ready, status, stored_from, stored_until, valid_from, valid_until, room_id) VALUES
(14001, 1158, true, 'Active', '2012-09-17 14:00:00', null, '2016-02-09 00:00:00', null,  13001),
(14002, 274, true, 'Deleted and Hidden', '2012-09-17 14:00:00', null, '2010-02-04 00:00:00', null,  13002);

INSERT INTO public.bed (bed_id, hl7string, room_id) VALUES
(15001, 'BY12-C49', 13001),
(15002, 'Med/Surg', 13002);

INSERT INTO public.bed_state
    (bed_state_id, csn, is_in_census, pool_bed_count, status, is_bunk,
     stored_from, stored_until, valid_from, valid_until, bed_id) VALUES
(16001, 4417, true, null, 'Active', false, '2012-09-17 14:00:00', null, '2016-02-09 00:00:00', null, 15001),
(16002, 11, false, 1, 'Active', false, '2012-09-17 14:00:00', null, '2011-05-02 00:00:00', null, 15002);

INSERT INTO public.location (location_id, location_string, department_id, room_id, bed_id) VALUES
(105001, 'T42E^T42E BY03^BY03-17', null, null, null),
(105002, 'T11E^T11E BY02^BY02-17', null, null, null),
(105003, 'T06C^T06C SR41^SR41-41', null, null, null),
(105004, 'T11E^T11E BY02^BY02-25', null, null, null),
(105005, 'ACUN^E03ACUN BY12^BY12-C49', 11001, 13001, 15001),
(105006, 'MEDSURG^MED/SURG^Med/Surg', 11002, 13002, 15002),
(105007, 'ACUN^null^null', 11001, null, null);


INSERT INTO public.location_visit (
    location_visit_id, stored_from, valid_from, admission_datetime, inferred_admission, inferred_discharge,
    discharge_datetime, hospital_visit_id, location_id) VALUES
    (106001, '2012-09-10 13:25:00', '2010-09-14 15:27:00', '2010-09-10 12:00:00', false, false,
     '2010-09-14 15:27:00', 4001, 105004),
    (106002, '2012-09-17 13:27:00', '2010-09-14 15:27:00', '2010-09-14 15:27:00', false, false,
     null, 4001, 105001),
    (106003, '2012-09-17 13:28:00', '2010-09-14 16:30:00', '2010-09-16 01:00:00', false, false,
     '2010-09-16 10:00:00',  4002, 105003),
    (106004, '2010-09-03 10:05:04', '2010-09-03 11:04:04', '2010-09-03 11:04:04', false, false,
     null, 4003, 105002);

INSERT INTO public.visit_observation_type (
    visit_observation_type_id, primary_data_type, source_observation_type, interface_id, id_in_application, name, stored_from, valid_from)
    VALUES (107001, null, 'flowsheet', '5', null, 'R HPSC IDG SW PRESENT', '2012-09-17 14:00:00', '2020-01-22 14:04:00'),
           (107002, null, 'flowsheet', null, '5', 'R HPSC IDG SW PRESENT', '2012-09-17 14:00:00', '2020-01-22 14:04:00'),
           (107003, null, 'flowsheet', '8', '8', null, '2012-09-17 14:00:00', '2020-01-22 14:04:00'),
           (107004, null, 'flowsheet', '10', '10', null, '2012-09-17 14:00:00', '2020-01-22 14:04:00'),
           (107005, null, 'flowsheet', '6466', '6466', null, '2012-09-17 14:00:00', '2020-01-22 14:04:00'),
           (107006, null, 'flowsheet', '28315', '28315', null, '2012-09-17 14:00:00', '2020-01-22 14:04:00');

INSERT INTO public.visit_observation (
    visit_observation_id, hospital_visit_id, stored_from, valid_from, comment, observation_datetime,
    unit, value_as_real, value_as_text, visit_observation_type_id, source_system)
    VALUES (108001, 4001, '2012-09-17 14:00:00', '2020-01-22 14:04:00', null, '2020-01-22 14:03:00',
            null, null, '140/90', 107001, 'EPIC'),
           (108002, 4001, '2012-09-17 14:00:00', '2020-01-22 14:04:00', null, '2020-01-22 14:03:00',
            null, 50.0, null, 107003, 'EPIC'),
           (108003, 4001, '2012-09-17 14:00:00', '2020-01-22 14:04:00', null, '2020-01-22 14:03:00',
            null, null, 'you should delete me', 107006, 'EPIC');


INSERT INTO public.lab_sample (
    lab_sample_id, stored_from, valid_from, collection_method, external_lab_number, receipt_at_lab_datetime,
    sample_collection_datetime, sample_site, specimen_type, mrn_id)
    VALUES (109001, '2022-02-02 14:00:00', '2020-01-01 14:04:00', null, '22U113534', '2020-01-01 14:04:00',
            '2020-01-01 10:04:00', null, 'swab', 1001);

--------
-- SDEs (forms)
--------

-- Form metadata
INSERT INTO public.form_definition (
    form_definition_id, stored_from, valid_from, internal_id, name)
VALUES
    (200001, '2019-05-05 00:00:00', '2019-05-05 00:00:00', '2056', 'UCLH ADVANCED TEP')
;
-- Form question metadata (SDE metadata)
INSERT INTO public.form_question (
    form_question_id, stored_from, valid_from, internal_id,
    concept_abbrev_name, concept_name,
    internal_value_type)
VALUES
(220001, '2019-05-05 00:00:00', '2019-05-05 00:00:00', 'UCLH#1205', 'ICU Discussion', 'ICU DISCUSSION', 'Boolean'),
(220002, '2019-05-05 00:00:00', '2019-05-05 00:00:00', 'UCLH#1209', NULL, 'INVASIVE MONITORING', 'Boolean'),
(220003, '2019-05-05 00:00:00', '2019-05-05 00:00:00', 'UCLH#1210', NULL, 'INOTROPIC SUPPORT', 'Boolean'),
(220004, '2019-05-05 00:00:00', '2019-05-05 00:00:00', 'UCLH#1211', NULL, 'RRT', 'Boolean'),
(220005, '2019-05-05 00:00:00', '2019-05-05 00:00:00', 'UCLH#1213', NULL, 'NIV OUTSIDE CCU', 'Boolean'),
(220006, '2019-05-05 00:00:00', '2019-05-05 00:00:00', 'UCLH#1218', NULL, 'IV ABX', 'Boolean'),
(220007, '2019-05-05 00:00:00', '2019-05-05 00:00:00', 'UCLH#1219', NULL, 'IV FLUIDS', 'Boolean'),
(220008, '2019-05-05 00:00:00', '2019-05-05 00:00:00', 'UCLH#1220', NULL, 'ORAL ABX', 'Boolean'),
(220009, '2019-05-05 00:00:00', '2019-05-05 00:00:00', 'UCLH#1221', NULL, 'BLOOD TESTS', 'Boolean'),
(220010, '2019-05-05 00:00:00', '2019-05-05 00:00:00', 'UCLH#1222', NULL, 'NG/PEG', 'Boolean'),
(220011, '2019-05-05 00:00:00', '2019-05-05 00:00:00', 'UCLH#1223', NULL, 'BLOOD TRANSFUSION', 'Boolean'),
(220012, '2019-05-05 00:00:00', '2019-05-05 00:00:00', 'UCLH#1224', NULL, 'ICD', 'Boolean'),
(220013, '2019-05-05 00:00:00', '2019-05-05 00:00:00', 'UCLH#1225', NULL, 'WARD BASED DISCUSSION', 'String'),
(220014, '2019-05-05 00:00:00', '2019-05-05 00:00:00', 'UCLH#1227', NULL, 'PATIENT DISCUSSION', 'Boolean'),
(220015, '2019-05-05 00:00:00', '2019-05-05 00:00:00', 'UCLH#4479', 'CPAP', 'CPAP/NIV', 'Boolean'),
(220016, '2019-05-05 00:00:00', '2019-05-05 00:00:00', 'UCLH#4480', 'Facemask Oxygen', 'WARD LEVEL FACEMASK OXYGEN', 'Boolean'),
(220017, '2019-05-05 00:00:00', '2019-05-05 00:00:00', 'UCLH#4481', 'Intubation', 'INTUBATION 1', 'Boolean'),
(220018, '2019-05-05 00:00:00', '2019-05-05 00:00:00', 'UCLH#4482', NULL, 'CONSULTANT DISCUSSION', 'Boolean'),
(220019, '2019-05-05 00:00:00', '2019-05-05 00:00:00', 'UCLH#4497', NULL, 'DISCUSSION DETAILS', 'String'),
(220020, '2019-05-05 00:00:00', '2019-05-05 00:00:00', 'UCLH#4498', NULL, 'PALLIATIVE CARE REFERRAL', 'Boolean'),
(220021, '2019-05-05 00:00:00', '2019-05-05 00:00:00', 'UCLH#4499', NULL, 'PATIENT DISCUSSION DETAILS', 'String'),
(220022, '2019-05-05 00:00:00', '2019-05-05 00:00:00', 'UCLH#4500', NULL, 'LPA/RELATIVES/CARERS/OTHERS DISCUSSION', 'Boolean'),
(220023, '2019-05-05 00:00:00', '2019-05-05 00:00:00', 'UCLH#4501', NULL, 'DISCUSSION DETAILS LPA/RELATIVES/OTHERS', 'String'),
(220024, '2019-05-05 00:00:00', '2019-05-05 00:00:00', 'UCLH#4502', NULL, 'TEAM DISCUSSION', 'String'),
(220025, '2019-05-05 00:00:00', '2019-05-05 00:00:00', 'UCLH#4503', NULL, 'COMMUNICATION TO NIC', 'Boolean'),
(220026, '2019-05-05 00:00:00', '2019-05-05 00:00:00', 'UCLH#4505', NULL, 'NIV WARD DISCUSSION', 'Boolean'),
(220027, '2019-05-05 00:00:00', '2019-05-05 00:00:00', 'UCLH#4512', NULL, 'RESP SERVICE DISCUSSION', 'Boolean'),
(220028, '2019-05-05 00:00:00', '2019-05-05 00:00:00', 'UCLH#4731', NULL, 'CONSIDER ICU ADMISSION', 'Boolean'),
(220029, '2019-05-05 00:00:00', '2019-05-05 00:00:00', 'UCLH#4732', NULL, 'DISCUSSED WITH ICU', 'Boolean')
;

-- Instances of a answered form
INSERT INTO public.form (
    form_id, stored_from, valid_from, first_filed_datetime,
    form_definition_id, hospital_visit_id, internal_id, note_id, mrn_id)
VALUES
    --(210001, '2020-01-01 13:00:00', '2020-01-01 10:32:00', '2020-01-01 10:32:00', 'fred1', 200001, 4001, NULL, NULL),
    --(210002, '2020-01-01 15:00:00', '2020-01-01 11:38:00', '2020-01-01 11:38:00', 'carol2', 200001, 4001, NULL, NULL)
    --cur_val_utc_dttm cur_value_user_id RECORD_ID_VARCHAR
       -- internal_id = firstfiled_mrn_smartformid
(210001, '2022-01-31 04:00:00.000', '2022-01-25 01:46:30.000', '2022-01-25 01:46:30.000', 200001, 4001, '2022-01-25T01:46:30Z_40800000_2056', 987654321, NULL),
(210002, '2022-01-31 04:00:00.000', '2022-01-25 10:02:43.000', '2022-01-25 10:02:43.000', 200001, 4001, '2022-01-25T10:02:43Z_40800000_2056', 987654322, NULL),
(210003, '2022-01-31 04:00:00.000', '2022-01-25 10:27:48.000', '2022-01-25 10:27:48.000', 200001, 4001, '2022-01-25T10:27:48Z_40800000_2056', 987654323, NULL),
(210004, '2022-01-31 04:00:00.000', '2022-01-25 12:19:03.000', '2022-01-25 12:19:03.000', 200001, 4001, '2022-01-25T12:19:03Z_40800000_2056', 987654324, NULL),
(210005, '2022-01-31 04:00:00.000', '2022-01-25 12:28:13.000', '2022-01-25 12:28:13.000', 200001, 4001, '2022-01-25T12:28:13Z_40800000_2056', 987654325, NULL),
(210006, '2022-01-31 04:00:00.000', '2022-01-25 13:06:39.000', '2022-01-25 13:06:39.000', 200001, 4001, '2022-01-25T13:06:39Z_40800000_2056', 987654326, NULL),
(210007, '2022-01-31 04:00:00.000', '2022-01-25 15:56:21.000', '2022-01-25 15:56:21.000', 200001, 4001, '2022-01-25T15:56:21Z_40800000_2056', 987654327, NULL),
(210008, '2022-01-31 04:00:00.000', '2022-01-25 20:10:47.000', '2022-01-25 20:10:47.000', 200001, 4001, '2022-01-25T20:10:47Z_40800000_2056', 987654328, NULL),
(210009, '2022-01-31 04:00:00.000', '2022-01-25 21:36:57.000', '2022-01-25 21:36:57.000', 200001, 4001, '2022-01-25T21:36:57Z_40800000_2056', 987654329, NULL),
(210010, '2022-01-31 04:00:00.000', '2022-01-25 21:39:28.000', '2022-01-25 21:39:28.000', 200001, 4001, '2022-01-25T21:39:28Z_40800000_2056', 987654330, NULL),
(210011, '2022-01-31 04:00:00.000', '2022-01-25 23:04:11.000', '2022-01-25 23:04:11.000', 200001, 4001, '2022-01-25T23:04:11Z_40800000_2056', 987654331, NULL)
;

-- Instances of an answered question (SDE)
INSERT INTO public.form_answer (
    form_answer_id, stored_from, valid_from, context, value_as_text, value_as_boolean, value_as_datetime, internal_id, form_id, form_question_id)
VALUES
    --(230001, '2020-01-01 13:00:00', '2020-01-01 10:32:00', 'Sometimes', NULL, NULL, 210001, 220001)
(230001, '2022-01-31 04:00:00.000', '2022-01-25 01:46:30.000', 'NOTE', '0', FALSE, NULL, '10001', 210001, 220002),
(230002, '2022-01-31 04:00:00.000', '2022-01-25 01:46:30.000', 'NOTE', '0', FALSE, NULL, '10002', 210001, 220005),
(230003, '2022-01-31 04:00:00.000', '2022-01-25 01:46:30.000', 'NOTE', '1', TRUE, NULL, '10003', 210001, 220006),
(230004, '2022-01-31 04:00:00.000', '2022-01-25 01:46:30.000', 'NOTE', '1', TRUE, NULL, '10004', 210001, 220007),
(230005, '2022-01-31 04:00:00.000', '2022-01-25 01:46:30.000', 'NOTE', '1', TRUE, NULL, '10005', 210001, 220008),
(230006, '2022-01-31 04:00:00.000', '2022-01-25 01:46:30.000', 'NOTE', '1', TRUE, NULL, '10006', 210001, 220009),
(230007, '2022-01-31 04:00:00.000', '2022-01-25 01:46:30.000', 'NOTE', '0', FALSE, NULL, '10007', 210001, 220010),
(230008, '2022-01-31 04:00:00.000', '2022-01-25 01:46:30.000', 'NOTE', '1', TRUE, NULL, '10008', 210001, 220011),
(230009, '2022-01-31 04:00:00.000', '2022-01-25 01:46:30.000', 'NOTE', '0', FALSE, NULL, '10009', 210001, 220012),
(230010, '2022-01-31 04:00:00.000', '2022-01-25 01:46:30.000', 'NOTE', '1', TRUE, NULL, '10010', 210001, 220014),
(230011, '2022-01-31 04:00:00.000', '2022-01-25 01:46:30.000', 'NOTE', '0', FALSE, NULL, '10011', 210001, 220015),
(230012, '2022-01-31 04:00:00.000', '2022-01-25 01:46:30.000', 'NOTE', '1', TRUE, NULL, '10012', 210001, 220016),
(230013, '2022-01-31 04:00:00.000', '2022-01-25 01:46:30.000', 'NOTE', '0', FALSE, NULL, '10013', 210001, 220017),
(230014, '2022-01-31 04:00:00.000', '2022-01-25 01:46:30.000', 'NOTE', '0', FALSE, NULL, '10014', 210001, 220018),
(230015, '2022-01-31 04:00:00.000', '2022-01-25 01:46:30.000', 'NOTE', '1', TRUE, NULL, '10015', 210001, 220020),
(230016, '2022-01-31 04:00:00.000', '2022-01-25 01:46:30.000', 'NOTE', '0', FALSE, NULL, '10016', 210001, 220022),
(230017, '2022-01-31 04:00:00.000', '2022-01-25 01:46:30.000', 'NOTE', '1', TRUE, NULL, '10017', 210001, 220025),
(230018, '2022-01-31 04:00:00.000', '2022-01-25 01:46:30.000', 'NOTE', '0', FALSE, NULL, '10018', 210001, 220026),
(230019, '2022-01-31 04:00:00.000', '2022-01-25 01:46:30.000', 'NOTE', '0', FALSE, NULL, '10019', 210001, 220027),
(230020, '2022-01-31 04:00:00.000', '2022-01-25 01:46:30.000', 'NOTE', '0', FALSE, NULL, '10020', 210001, 220028),
(230021, '2022-01-31 04:00:00.000', '2022-01-25 10:02:43.000', 'NOTE', '0', FALSE, NULL, '10021', 210002, 220002),
(230022, '2022-01-31 04:00:00.000', '2022-01-25 10:02:43.000', 'NOTE', '0', FALSE, NULL, '10022', 210002, 220005),
(230023, '2022-01-31 04:00:00.000', '2022-01-25 10:02:43.000', 'NOTE', '1', TRUE, NULL, '10023', 210002, 220006),
(230024, '2022-01-31 04:00:00.000', '2022-01-25 10:02:43.000', 'NOTE', '1', TRUE, NULL, '10024', 210002, 220007),
(230025, '2022-01-31 04:00:00.000', '2022-01-25 10:02:43.000', 'NOTE', '1', TRUE, NULL, '10025', 210002, 220008),
(230026, '2022-01-31 04:00:00.000', '2022-01-25 10:02:43.000', 'NOTE', '1', TRUE, NULL, '10026', 210002, 220009),
(230027, '2022-01-31 04:00:00.000', '2022-01-25 10:02:43.000', 'NOTE', '0', FALSE, NULL, '10027', 210002, 220010),
(230028, '2022-01-31 04:00:00.000', '2022-01-25 10:02:43.000', 'NOTE', '0', FALSE, NULL, '10028', 210002, 220011),
(230029, '2022-01-31 04:00:00.000', '2022-01-25 10:02:43.000', 'NOTE', '0', FALSE, NULL, '10029', 210002, 220012),
(230030, '2022-01-31 04:00:00.000', '2022-01-25 10:02:43.000', 'NOTE', '0', FALSE, NULL, '10030', 210002, 220014),
(230031, '2022-01-31 04:00:00.000', '2022-01-25 10:02:43.000', 'NOTE', '0', FALSE, NULL, '10031', 210002, 220015),
(230032, '2022-01-31 04:00:00.000', '2022-01-25 10:02:43.000', 'NOTE', '1', TRUE, NULL, '10032', 210002, 220016),
(230033, '2022-01-31 04:00:00.000', '2022-01-25 10:02:43.000', 'NOTE', '0', FALSE, NULL, '10033', 210002, 220017),
(230034, '2022-01-31 04:00:00.000', '2022-01-25 10:02:43.000', 'NOTE', '1', TRUE, NULL, '10034', 210002, 220018),
(230035, '2022-01-31 04:00:00.000', '2022-01-25 10:02:43.000', 'NOTE', '1', TRUE, NULL, '10035', 210002, 220020),
(230036, '2022-01-31 04:00:00.000', '2022-01-25 10:02:43.000', 'NOTE', '1', TRUE, NULL, '10036', 210002, 220022),
(230037, '2022-01-31 04:00:00.000', '2022-01-25 10:02:43.000', 'NOTE', 'REDACTED', NULL, NULL, '10037', 210002, 220023),
(230038, '2022-01-31 04:00:00.000', '2022-01-25 10:02:43.000', 'NOTE', '1', TRUE, NULL, '10038', 210002, 220025),
(230039, '2022-01-31 04:00:00.000', '2022-01-25 10:02:43.000', 'NOTE', '1', TRUE, NULL, '10039', 210002, 220026),
(230040, '2022-01-31 04:00:00.000', '2022-01-25 10:02:43.000', 'NOTE', '0', FALSE, NULL, '10040', 210002, 220027),
(230041, '2022-01-31 04:00:00.000', '2022-01-25 10:02:43.000', 'NOTE', '0', FALSE, NULL, '10041', 210002, 220028),
(230042, '2022-01-31 04:00:00.000', '2022-01-25 10:27:48.000', 'NOTE', '1', TRUE, NULL, '10042', 210003, 220002),
(230043, '2022-01-31 04:00:00.000', '2022-01-25 10:27:48.000', 'NOTE', '1', TRUE, NULL, '10043', 210003, 220003),
(230044, '2022-01-31 04:00:00.000', '2022-01-25 10:27:48.000', 'NOTE', '1', TRUE, NULL, '10044', 210003, 220004),
(230045, '2022-01-31 04:00:00.000', '2022-01-25 10:27:48.000', 'NOTE', '1', TRUE, NULL, '10045', 210003, 220014),
(230046, '2022-01-31 04:00:00.000', '2022-01-25 10:27:48.000', 'NOTE', '1', TRUE, NULL, '10046', 210003, 220015),
(230047, '2022-01-31 04:00:00.000', '2022-01-25 10:27:48.000', 'NOTE', '1', TRUE, NULL, '10047', 210003, 220017),
(230048, '2022-01-31 04:00:00.000', '2022-01-25 10:27:48.000', 'NOTE', 'REDACTED', NULL, NULL, '10048', 210003, 220021),
(230049, '2022-01-31 04:00:00.000', '2022-01-25 10:27:48.000', 'NOTE', '1', TRUE, NULL, '10049', 210003, 220028),
(230050, '2022-01-31 04:00:00.000', '2022-01-25 12:19:03.000', 'NOTE', '0', FALSE, NULL, '10050', 210004, 220002),
(230051, '2022-01-31 04:00:00.000', '2022-01-25 12:19:03.000', 'NOTE', '0', FALSE, NULL, '10051', 210004, 220005),
(230052, '2022-01-31 04:00:00.000', '2022-01-25 12:19:03.000', 'NOTE', '1', TRUE, NULL, '10052', 210004, 220006),
(230053, '2022-01-31 04:00:00.000', '2022-01-25 12:19:03.000', 'NOTE', '1', TRUE, NULL, '10053', 210004, 220007),
(230054, '2022-01-31 04:00:00.000', '2022-01-25 12:19:03.000', 'NOTE', '1', TRUE, NULL, '10054', 210004, 220008),
(230055, '2022-01-31 04:00:00.000', '2022-01-25 12:19:03.000', 'NOTE', '1', TRUE, NULL, '10055', 210004, 220009),
(230056, '2022-01-31 04:00:00.000', '2022-01-25 12:19:03.000', 'NOTE', '0', FALSE, NULL, '10056', 210004, 220010),
(230057, '2022-01-31 04:00:00.000', '2022-01-25 12:19:03.000', 'NOTE', '1', TRUE, NULL, '10057', 210004, 220011),
(230058, '2022-01-31 04:00:00.000', '2022-01-25 12:19:03.000', 'NOTE', '0', FALSE, NULL, '10058', 210004, 220012),
(230059, '2022-01-31 04:00:00.000', '2022-01-25 12:19:03.000', 'NOTE', '1', TRUE, NULL, '10059', 210004, 220014),
(230060, '2022-01-31 04:00:00.000', '2022-01-25 12:19:03.000', 'NOTE', '0', FALSE, NULL, '10060', 210004, 220015),
(230061, '2022-01-31 04:00:00.000', '2022-01-25 12:19:03.000', 'NOTE', '1', TRUE, NULL, '10061', 210004, 220016),
(230062, '2022-01-31 04:00:00.000', '2022-01-25 12:19:03.000', 'NOTE', '0', FALSE, NULL, '10062', 210004, 220017),
(230063, '2022-01-31 04:00:00.000', '2022-01-25 12:19:03.000', 'NOTE', '1', TRUE, NULL, '10063', 210004, 220018),
(230064, '2022-01-31 04:00:00.000', '2022-01-25 12:19:03.000', 'NOTE', '1', TRUE, NULL, '10064', 210004, 220020),
(230065, '2022-01-31 04:00:00.000', '2022-01-25 12:19:03.000', 'NOTE', 'REDACTED', NULL, NULL, '10065', 210004, 220021),
(230066, '2022-01-31 04:00:00.000', '2022-01-25 12:19:03.000', 'NOTE', '1', TRUE, NULL, '10066', 210004, 220022),
(230067, '2022-01-31 04:00:00.000', '2022-01-25 12:19:03.000', 'NOTE', 'REDACTED', NULL, NULL, '10067', 210004, 220023),
(230068, '2022-01-31 04:00:00.000', '2022-01-25 12:19:03.000', 'NOTE', '1', TRUE, NULL, '10068', 210004, 220025),
(230069, '2022-01-31 04:00:00.000', '2022-01-25 12:19:03.000', 'NOTE', '0', FALSE, NULL, '10069', 210004, 220026),
(230070, '2022-01-31 04:00:00.000', '2022-01-25 12:19:03.000', 'NOTE', '0', FALSE, NULL, '10070', 210004, 220027),
(230071, '2022-01-31 04:00:00.000', '2022-01-25 12:19:03.000', 'NOTE', '0', FALSE, NULL, '10071', 210004, 220028),
(230072, '2022-01-31 04:00:00.000', '2022-01-25 12:28:13.000', 'NOTE', '0', FALSE, NULL, '10072', 210005, 220002),
(230073, '2022-01-31 04:00:00.000', '2022-01-25 12:28:13.000', 'NOTE', '1', TRUE, NULL, '10073', 210005, 220005),
(230074, '2022-01-31 04:00:00.000', '2022-01-25 12:28:13.000', 'NOTE', '1', TRUE, NULL, '10074', 210005, 220006),
(230075, '2022-01-31 04:00:00.000', '2022-01-25 12:28:13.000', 'NOTE', '1', TRUE, NULL, '10075', 210005, 220007),
(230076, '2022-01-31 04:00:00.000', '2022-01-25 12:28:13.000', 'NOTE', '1', TRUE, NULL, '10076', 210005, 220008),
(230077, '2022-01-31 04:00:00.000', '2022-01-25 12:28:13.000', 'NOTE', '1', TRUE, NULL, '10077', 210005, 220009),
(230078, '2022-01-31 04:00:00.000', '2022-01-25 12:28:13.000', 'NOTE', '1', TRUE, NULL, '10078', 210005, 220010),
(230079, '2022-01-31 04:00:00.000', '2022-01-25 12:28:13.000', 'NOTE', '1', TRUE, NULL, '10079', 210005, 220011),
(230080, '2022-01-31 04:00:00.000', '2022-01-25 12:28:13.000', 'NOTE', '0', FALSE, NULL, '10080', 210005, 220012),
(230081, '2022-01-31 04:00:00.000', '2022-01-25 12:28:13.000', 'NOTE', 'REDACTED', NULL, NULL, '10081', 210005, 220013),
(230082, '2022-01-31 04:00:00.000', '2022-01-25 12:28:13.000', 'NOTE', '1', TRUE, NULL, '10082', 210005, 220014),
(230083, '2022-01-31 04:00:00.000', '2022-01-25 12:28:13.000', 'NOTE', '1', TRUE, NULL, '10083', 210005, 220015),
(230084, '2022-01-31 04:00:00.000', '2022-01-25 12:28:13.000', 'NOTE', '1', TRUE, NULL, '10084', 210005, 220016),
(230085, '2022-01-31 04:00:00.000', '2022-01-25 12:28:13.000', 'NOTE', '0', FALSE, NULL, '10085', 210005, 220017),
(230086, '2022-01-31 04:00:00.000', '2022-01-25 12:28:13.000', 'NOTE', '1', TRUE, NULL, '10086', 210005, 220018),
(230087, '2022-01-31 04:00:00.000', '2022-01-25 12:28:13.000', 'NOTE', '0', FALSE, NULL, '10087', 210005, 220020),
(230088, '2022-01-31 04:00:00.000', '2022-01-25 12:28:13.000', 'NOTE', 'REDACTED', NULL, NULL, '10088', 210005, 220021),
(230089, '2022-01-31 04:00:00.000', '2022-01-25 12:28:13.000', 'NOTE', '0', FALSE, NULL, '10089', 210005, 220022),
(230090, '2022-01-31 04:00:00.000', '2022-01-25 12:28:13.000', 'NOTE', '1', TRUE, NULL, '10090', 210005, 220025),
(230091, '2022-01-31 04:00:00.000', '2022-01-25 12:28:13.000', 'NOTE', '0', FALSE, NULL, '10091', 210005, 220026),
(230092, '2022-01-31 04:00:00.000', '2022-01-25 12:28:13.000', 'NOTE', '0', FALSE, NULL, '10092', 210005, 220027),
(230093, '2022-01-31 04:00:00.000', '2022-01-25 12:28:13.000', 'NOTE', '0', FALSE, NULL, '10093', 210005, 220028),
(230094, '2022-01-31 04:00:00.000', '2022-01-25 13:06:39.000', 'NOTE', '1', TRUE, NULL, '10094', 210006, 220002),
(230095, '2022-01-31 04:00:00.000', '2022-01-25 13:06:39.000', 'NOTE', '1', TRUE, NULL, '10095', 210006, 220003),
(230096, '2022-01-31 04:00:00.000', '2022-01-25 13:06:39.000', 'NOTE', '1', TRUE, NULL, '10096', 210006, 220004),
(230097, '2022-01-31 04:00:00.000', '2022-01-25 13:06:39.000', 'NOTE', '1', TRUE, NULL, '10097', 210006, 220014),
(230098, '2022-01-31 04:00:00.000', '2022-01-25 13:06:39.000', 'NOTE', '1', TRUE, NULL, '10098', 210006, 220015),
(230099, '2022-01-31 04:00:00.000', '2022-01-25 13:06:39.000', 'NOTE', '1', TRUE, NULL, '10099', 210006, 220017),
(230100, '2022-01-31 04:00:00.000', '2022-01-25 13:06:39.000', 'NOTE', 'REDACTED', NULL, NULL, '10100', 210006, 220021),
(230101, '2022-01-31 04:00:00.000', '2022-01-25 13:06:39.000', 'NOTE', '1', TRUE, NULL, '10101', 210006, 220028),
(230102, '2022-01-31 04:00:00.000', '2022-01-25 15:56:21.000', 'NOTE', '1', TRUE, NULL, '10102', 210007, 220001),
(230103, '2022-01-31 04:00:00.000', '2022-01-25 15:56:21.000', 'NOTE', '1', TRUE, NULL, '10103', 210007, 220002),
(230104, '2022-01-31 04:00:00.000', '2022-01-25 15:56:21.000', 'NOTE', '1', TRUE, NULL, '10104', 210007, 220003),
(230105, '2022-01-31 04:00:00.000', '2022-01-25 15:56:21.000', 'NOTE', '0', FALSE, NULL, '10105', 210007, 220004),
(230106, '2022-01-31 04:00:00.000', '2022-01-25 15:56:21.000', 'NOTE', '0', FALSE, NULL, '10106', 210007, 220005),
(230107, '2022-01-31 04:00:00.000', '2022-01-25 15:56:21.000', 'NOTE', '1', TRUE, NULL, '10107', 210007, 220006),
(230108, '2022-01-31 04:00:00.000', '2022-01-25 15:56:21.000', 'NOTE', '1', TRUE, NULL, '10108', 210007, 220007),
(230109, '2022-01-31 04:00:00.000', '2022-01-25 15:56:21.000', 'NOTE', '1', TRUE, NULL, '10109', 210007, 220008),
(230110, '2022-01-31 04:00:00.000', '2022-01-25 15:56:21.000', 'NOTE', '1', TRUE, NULL, '10110', 210007, 220009),
(230111, '2022-01-31 04:00:00.000', '2022-01-25 15:56:21.000', 'NOTE', '1', TRUE, NULL, '10111', 210007, 220010),
(230112, '2022-01-31 04:00:00.000', '2022-01-25 15:56:21.000', 'NOTE', '1', TRUE, NULL, '10112', 210007, 220011),
(230113, '2022-01-31 04:00:00.000', '2022-01-25 15:56:21.000', 'NOTE', '0', FALSE, NULL, '10113', 210007, 220012),
(230114, '2022-01-31 04:00:00.000', '2022-01-25 15:56:21.000', 'NOTE', '1', TRUE, NULL, '10114', 210007, 220014),
(230115, '2022-01-31 04:00:00.000', '2022-01-25 15:56:21.000', 'NOTE', '0', FALSE, NULL, '10115', 210007, 220015),
(230116, '2022-01-31 04:00:00.000', '2022-01-25 15:56:21.000', 'NOTE', '1', TRUE, NULL, '10116', 210007, 220016),
(230117, '2022-01-31 04:00:00.000', '2022-01-25 15:56:21.000', 'NOTE', '0', FALSE, NULL, '10117', 210007, 220017),
(230118, '2022-01-31 04:00:00.000', '2022-01-25 15:56:21.000', 'NOTE', '1', TRUE, NULL, '10118', 210007, 220018),
(230119, '2022-01-31 04:00:00.000', '2022-01-25 15:56:21.000', 'NOTE', 'REDACTED', NULL, NULL, '10119', 210007, 220019),
(230120, '2022-01-31 04:00:00.000', '2022-01-25 15:56:21.000', 'NOTE', 'REDACTED', NULL, NULL, '10120', 210007, 220019),
(230121, '2022-01-31 04:00:00.000', '2022-01-25 15:56:21.000', 'NOTE', '1', TRUE, NULL, '10121', 210007, 220020),
(230122, '2022-01-31 04:00:00.000', '2022-01-25 15:56:21.000', 'NOTE', '1', TRUE, NULL, '10122', 210007, 220022),
(230123, '2022-01-31 04:00:00.000', '2022-01-25 15:56:21.000', 'NOTE', 'REDACTED', NULL, NULL, '10123', 210007, 220024),
(230124, '2022-01-31 04:00:00.000', '2022-01-25 15:56:21.000', 'NOTE', '1', TRUE, NULL, '10124', 210007, 220025),
(230125, '2022-01-31 04:00:00.000', '2022-01-25 15:56:21.000', 'NOTE', '0', FALSE, NULL, '10125', 210007, 220026),
(230126, '2022-01-31 04:00:00.000', '2022-01-25 15:56:21.000', 'NOTE', '0', FALSE, NULL, '10126', 210007, 220027),
(230127, '2022-01-31 04:00:00.000', '2022-01-25 15:56:21.000', 'NOTE', '1', TRUE, NULL, '10127', 210007, 220028),
(230128, '2022-01-31 04:00:00.000', '2022-01-25 15:56:21.000', 'NOTE', '1', TRUE, NULL, '10128', 210007, 220029),
(230129, '2022-01-31 04:00:00.000', '2022-01-25 20:10:47.000', 'NOTE', '0', FALSE, NULL, '10129', 210008, 220002),
(230130, '2022-01-31 04:00:00.000', '2022-01-25 20:10:47.000', 'NOTE', '1', TRUE, NULL, '10130', 210008, 220005),
(230131, '2022-01-31 04:00:00.000', '2022-01-25 20:10:47.000', 'NOTE', '1', TRUE, NULL, '10131', 210008, 220006),
(230132, '2022-01-31 04:00:00.000', '2022-01-25 20:10:47.000', 'NOTE', '1', TRUE, NULL, '10132', 210008, 220007),
(230133, '2022-01-31 04:00:00.000', '2022-01-25 20:10:47.000', 'NOTE', '1', TRUE, NULL, '10133', 210008, 220008),
(230134, '2022-01-31 04:00:00.000', '2022-01-25 20:10:47.000', 'NOTE', '1', TRUE, NULL, '10134', 210008, 220009),
(230135, '2022-01-31 04:00:00.000', '2022-01-25 20:10:47.000', 'NOTE', '0', FALSE, NULL, '10135', 210008, 220010),
(230136, '2022-01-31 04:00:00.000', '2022-01-25 20:10:47.000', 'NOTE', '1', TRUE, NULL, '10136', 210008, 220011),
(230137, '2022-01-31 04:00:00.000', '2022-01-25 20:10:47.000', 'NOTE', '0', FALSE, NULL, '10137', 210008, 220012),
(230138, '2022-01-31 04:00:00.000', '2022-01-25 20:10:47.000', 'NOTE', '1', TRUE, NULL, '10138', 210008, 220014),
(230139, '2022-01-31 04:00:00.000', '2022-01-25 20:10:47.000', 'NOTE', '1', TRUE, NULL, '10139', 210008, 220015),
(230140, '2022-01-31 04:00:00.000', '2022-01-25 20:10:47.000', 'NOTE', '1', TRUE, NULL, '10140', 210008, 220016),
(230141, '2022-01-31 04:00:00.000', '2022-01-25 20:10:47.000', 'NOTE', '0', FALSE, NULL, '10141', 210008, 220017),
(230142, '2022-01-31 04:00:00.000', '2022-01-25 20:10:47.000', 'NOTE', '1', TRUE, NULL, '10142', 210008, 220018),
(230143, '2022-01-31 04:00:00.000', '2022-01-25 20:10:47.000', 'NOTE', '1', TRUE, NULL, '10143', 210008, 220020),
(230144, '2022-01-31 04:00:00.000', '2022-01-25 20:10:47.000', 'NOTE', 'REDACTED', NULL, NULL, '10144', 210008, 220021),
(230145, '2022-01-31 04:00:00.000', '2022-01-25 20:10:47.000', 'NOTE', '0', FALSE, NULL, '10145', 210008, 220022),
(230146, '2022-01-31 04:00:00.000', '2022-01-25 20:10:47.000', 'NOTE', '1', TRUE, NULL, '10146', 210008, 220025),
(230147, '2022-01-31 04:00:00.000', '2022-01-25 20:10:47.000', 'NOTE', '0', FALSE, NULL, '10147', 210008, 220026),
(230148, '2022-01-31 04:00:00.000', '2022-01-25 20:10:47.000', 'NOTE', '0', FALSE, NULL, '10148', 210008, 220027),
(230149, '2022-01-31 04:00:00.000', '2022-01-25 20:10:47.000', 'NOTE', '0', FALSE, NULL, '10149', 210008, 220028),
(230150, '2022-01-31 04:00:00.000', '2022-01-25 21:36:57.000', 'NOTE', '0', FALSE, NULL, '10150', 210009, 220002),
(230151, '2022-01-31 04:00:00.000', '2022-01-25 21:36:57.000', 'NOTE', '1', TRUE, NULL, '10151', 210009, 220005),
(230152, '2022-01-31 04:00:00.000', '2022-01-25 21:36:57.000', 'NOTE', '1', TRUE, NULL, '10152', 210009, 220006),
(230153, '2022-01-31 04:00:00.000', '2022-01-25 21:36:57.000', 'NOTE', '1', TRUE, NULL, '10153', 210009, 220007),
(230154, '2022-01-31 04:00:00.000', '2022-01-25 21:36:57.000', 'NOTE', '1', TRUE, NULL, '10154', 210009, 220008),
(230155, '2022-01-31 04:00:00.000', '2022-01-25 21:36:57.000', 'NOTE', '1', TRUE, NULL, '10155', 210009, 220009),
(230156, '2022-01-31 04:00:00.000', '2022-01-25 21:36:57.000', 'NOTE', '0', FALSE, NULL, '10156', 210009, 220010),
(230157, '2022-01-31 04:00:00.000', '2022-01-25 21:36:57.000', 'NOTE', '1', TRUE, NULL, '10157', 210009, 220011),
(230158, '2022-01-31 04:00:00.000', '2022-01-25 21:36:57.000', 'NOTE', '0', FALSE, NULL, '10158', 210009, 220012),
(230159, '2022-01-31 04:00:00.000', '2022-01-25 21:36:57.000', 'NOTE', '1', TRUE, NULL, '10159', 210009, 220014),
(230160, '2022-01-31 04:00:00.000', '2022-01-25 21:36:57.000', 'NOTE', '1', TRUE, NULL, '10160', 210009, 220015),
(230161, '2022-01-31 04:00:00.000', '2022-01-25 21:36:57.000', 'NOTE', '1', TRUE, NULL, '10161', 210009, 220016),
(230162, '2022-01-31 04:00:00.000', '2022-01-25 21:36:57.000', 'NOTE', '0', FALSE, NULL, '10162', 210009, 220017),
(230163, '2022-01-31 04:00:00.000', '2022-01-25 21:36:57.000', 'NOTE', '1', TRUE, NULL, '10163', 210009, 220018),
(230164, '2022-01-31 04:00:00.000', '2022-01-25 21:36:57.000', 'NOTE', '1', TRUE, NULL, '10164', 210009, 220020),
(230165, '2022-01-31 04:00:00.000', '2022-01-25 21:36:57.000', 'NOTE', 'REDACTED', NULL, NULL, '10165', 210009, 220021),
(230166, '2022-01-31 04:00:00.000', '2022-01-25 21:36:57.000', 'NOTE', '0', FALSE, NULL, '10166', 210009, 220022),
(230167, '2022-01-31 04:00:00.000', '2022-01-25 21:36:57.000', 'NOTE', '1', TRUE, NULL, '10167', 210009, 220025),
(230168, '2022-01-31 04:00:00.000', '2022-01-25 21:36:57.000', 'NOTE', '0', FALSE, NULL, '10168', 210009, 220026),
(230169, '2022-01-31 04:00:00.000', '2022-01-25 21:36:57.000', 'NOTE', '0', FALSE, NULL, '10169', 210009, 220027),
(230170, '2022-01-31 04:00:00.000', '2022-01-25 21:36:57.000', 'NOTE', '0', FALSE, NULL, '10170', 210009, 220028),
(230171, '2022-01-31 04:00:00.000', '2022-01-25 21:39:28.000', 'NOTE', '0', FALSE, NULL, '10171', 210010, 220002),
(230172, '2022-01-31 04:00:00.000', '2022-01-25 21:39:28.000', 'NOTE', '0', FALSE, NULL, '10172', 210010, 220005),
(230173, '2022-01-31 04:00:00.000', '2022-01-25 21:39:28.000', 'NOTE', '1', TRUE, NULL, '10173', 210010, 220006),
(230174, '2022-01-31 04:00:00.000', '2022-01-25 21:39:28.000', 'NOTE', '1', TRUE, NULL, '10174', 210010, 220007),
(230175, '2022-01-31 04:00:00.000', '2022-01-25 21:39:28.000', 'NOTE', '1', TRUE, NULL, '10175', 210010, 220008),
(230176, '2022-01-31 04:00:00.000', '2022-01-25 21:39:28.000', 'NOTE', '1', TRUE, NULL, '10176', 210010, 220009),
(230177, '2022-01-31 04:00:00.000', '2022-01-25 21:39:28.000', 'NOTE', '1', TRUE, NULL, '10177', 210010, 220010),
(230178, '2022-01-31 04:00:00.000', '2022-01-25 21:39:28.000', 'NOTE', '1', TRUE, NULL, '10178', 210010, 220011),
(230179, '2022-01-31 04:00:00.000', '2022-01-25 21:39:28.000', 'NOTE', '0', FALSE, NULL, '10179', 210010, 220012),
(230180, '2022-01-31 04:00:00.000', '2022-01-25 21:39:28.000', 'NOTE', '1', TRUE, NULL, '10180', 210010, 220014),
(230181, '2022-01-31 04:00:00.000', '2022-01-25 21:39:28.000', 'NOTE', '0', FALSE, NULL, '10181', 210010, 220015),
(230182, '2022-01-31 04:00:00.000', '2022-01-25 21:39:28.000', 'NOTE', '1', TRUE, NULL, '10182', 210010, 220016),
(230183, '2022-01-31 04:00:00.000', '2022-01-25 21:39:28.000', 'NOTE', '0', FALSE, NULL, '10183', 210010, 220017),
(230184, '2022-01-31 04:00:00.000', '2022-01-25 21:39:28.000', 'NOTE', '0', FALSE, NULL, '10184', 210010, 220018),
(230185, '2022-01-31 04:00:00.000', '2022-01-25 21:39:28.000', 'NOTE', '0', FALSE, NULL, '10185', 210010, 220020),
(230186, '2022-01-31 04:00:00.000', '2022-01-25 21:39:28.000', 'NOTE', 'REDACTED', NULL, NULL, '10186', 210010, 220021),
(230187, '2022-01-31 04:00:00.000', '2022-01-25 21:39:28.000', 'NOTE', 'REDACTED', NULL, NULL, '10187', 210010, 220021),
(230188, '2022-01-31 04:00:00.000', '2022-01-25 21:39:28.000', 'NOTE', 'REDACTED', NULL, NULL, '10188', 210010, 220021),
(230189, '2022-01-31 04:00:00.000', '2022-01-25 21:39:28.000', 'NOTE', '1', TRUE, NULL, '10189', 210010, 220022),
(230190, '2022-01-31 04:00:00.000', '2022-01-25 21:39:28.000', 'NOTE', 'REDACTED', NULL, NULL, '10190', 210010, 220023),
(230191, '2022-01-31 04:00:00.000', '2022-01-25 21:39:28.000', 'NOTE', '0', FALSE, NULL, '10191', 210010, 220026),
(230192, '2022-01-31 04:00:00.000', '2022-01-25 21:39:28.000', 'NOTE', '0', FALSE, NULL, '10192', 210010, 220027),
(230193, '2022-01-31 04:00:00.000', '2022-01-25 21:39:28.000', 'NOTE', '0', FALSE, NULL, '10193', 210010, 220028),
(230194, '2022-01-31 04:00:00.000', '2022-01-25 23:04:11.000', 'NOTE', '0', FALSE, NULL, '10194', 210011, 220002),
(230195, '2022-01-31 04:00:00.000', '2022-01-25 23:04:11.000', 'NOTE', '0', FALSE, NULL, '10195', 210011, 220005),
(230196, '2022-01-31 04:00:00.000', '2022-01-25 23:04:11.000', 'NOTE', '1', TRUE, NULL, '10196', 210011, 220006),
(230197, '2022-01-31 04:00:00.000', '2022-01-25 23:04:11.000', 'NOTE', '1', TRUE, NULL, '10197', 210011, 220007),
(230198, '2022-01-31 04:00:00.000', '2022-01-25 23:04:11.000', 'NOTE', '1', TRUE, NULL, '10198', 210011, 220008),
(230199, '2022-01-31 04:00:00.000', '2022-01-25 23:04:11.000', 'NOTE', '1', TRUE, NULL, '10199', 210011, 220009),
(230200, '2022-01-31 04:00:00.000', '2022-01-25 23:04:11.000', 'NOTE', '0', FALSE, NULL, '10200', 210011, 220010),
(230201, '2022-01-31 04:00:00.000', '2022-01-25 23:04:11.000', 'NOTE', '1', TRUE, NULL, '10201', 210011, 220011),
(230202, '2022-01-31 04:00:00.000', '2022-01-25 23:04:11.000', 'NOTE', '0', FALSE, NULL, '10202', 210011, 220012),
(230203, '2022-01-31 04:00:00.000', '2022-01-25 23:04:11.000', 'NOTE', '1', TRUE, NULL, '10203', 210011, 220014),
(230204, '2022-01-31 04:00:00.000', '2022-01-25 23:04:11.000', 'NOTE', '0', FALSE, NULL, '10204', 210011, 220015),
(230205, '2022-01-31 04:00:00.000', '2022-01-25 23:04:11.000', 'NOTE', '1', TRUE, NULL, '10205', 210011, 220016),
(230206, '2022-01-31 04:00:00.000', '2022-01-25 23:04:11.000', 'NOTE', '0', FALSE, NULL, '10206', 210011, 220017),
(230207, '2022-01-31 04:00:00.000', '2022-01-25 23:04:11.000', 'NOTE', '0', FALSE, NULL, '10207', 210011, 220018),
(230208, '2022-01-31 04:00:00.000', '2022-01-25 23:04:11.000', 'NOTE', '1', TRUE, NULL, '10208', 210011, 220020),
(230209, '2022-01-31 04:00:00.000', '2022-01-25 23:04:11.000', 'NOTE', 'REDACTED', NULL, NULL, '10209', 210011, 220021),
(230210, '2022-01-31 04:00:00.000', '2022-01-25 23:04:11.000', 'NOTE', '0', FALSE, NULL, '10210', 210011, 220022),
(230211, '2022-01-31 04:00:00.000', '2022-01-25 23:04:11.000', 'NOTE', '0', FALSE, NULL, '10211', 210011, 220025),
(230212, '2022-01-31 04:00:00.000', '2022-01-25 23:04:11.000', 'NOTE', '0', FALSE, NULL, '10212', 210011, 220026),
(230213, '2022-01-31 04:00:00.000', '2022-01-25 23:04:11.000', 'NOTE', '0', FALSE, NULL, '10213', 210011, 220027),
(230214, '2022-01-31 04:00:00.000', '2022-01-25 23:04:11.000', 'NOTE', '0', FALSE, NULL, '10214', 210011, 220028)
;
